{
    "id": 3,
    "name": "Python Quiz",
    "description": "Python Quiz including basic fundamentals.",
    "questions": [
        {
            "id": 1010,
            "name": "What is the maximum possible length of an identifier?",
            "questionTypeId": 1,
            "options": [
                {
                    "id": 1055,
                    "questionId": 1010,
                    "name": "16",
                    "isAnswer": false
                },
                {
                    "id": 1056,
                    "questionId": 1010,
                    "name": "64",
                    "isAnswer": false
                },
                {
                    "id": 1057,
                    "questionId": 1010,
                    "name": "32",
                    "isAnswer": false
                },
                {
                    "id": 1058,
                    "questionId": 1010,
                    "name": "None of these",
                    "isAnswer": true
                }
            ],
            "questionType": {
                "id": 1,
                "name": "Multiple Choice",
                "isActive": true
            }
        },
        {
            "id": 1011,
            "name": "In which language is Python written?",
            "questionTypeId": 1,
            "options": [
                {
                    "id": 1055,
                    "questionId": 1010,
                    "name": "C",
                    "isAnswer": true
                },
                {
                    "id": 1057,
                    "questionId": 1010,
                    "name": "English",
                    "isAnswer": false
                },
                {
                    "id": 1056,
                    "questionId": 1010,
                    "name": "PHP",
                    "isAnswer": false
                },
                {
                    "id": 1058,
                    "questionId": 1010,
                    "name": "All of the above",
                    "isAnswer": false
                }
            ],
            "questionType": {
                "id": 1,
                "name": "Multiple Choice",
                "isActive": true
            }
        },
        {
            "id": 1012,
            "name": "Which character is used in Python to make a single line comment?",
            "questionTypeId": 1,
            "options": [
                {
                    "id": 1055,
                    "questionId": 1010,
                    "name": "/",
                    "isAnswer": false
                },
                {
                    "id": 1057,
                    "questionId": 1010,
                    "name": "//",
                    "isAnswer": false
                },
                {
                    "id": 1056,
                    "questionId": 1010,
                    "name": "#",
                    "isAnswer": true
                },
                {
                    "id": 1058,
                    "questionId": 1010,
                    "name": "!",
                    "isAnswer": false
                }
            ],
            "questionType": {
                "id": 1,
                "name": "Multiple Choice",
                "isActive": true
            }
        },
        {
            "id": 1013,
            "name": "What is the method inside the class in python language?",
            "questionTypeId": 1,
            "options": [
                {
                    "id": 1055,
                    "questionId": 1010,
                    "name": "Function",
                    "isAnswer": true
                },
                {
                    "id": 1057,
                    "questionId": 1010,
                    "name": "Object",
                    "isAnswer": false
                },
                {
                    "id": 1056,
                    "questionId": 1010,
                    "name": "Attribute",
                    "isAnswer": false
                },
                {
                    "id": 1058,
                    "questionId": 1010,
                    "name": "Argument",
                    "isAnswer": false
                }
            ],
            "questionType": {
                "id": 1,
                "name": "Multiple Choice",
                "isActive": true
            }
        },
        {
            "id": 1014,
            "name": "Which of the following declarations is incorrect?",
            "questionTypeId": 1,
            "options": [
                {
                    "id": 1055,
                    "questionId": 1010,
                    "name": "_x = 2",
                    "isAnswer": false
                },
                {
                    "id": 1057,
                    "questionId": 1010,
                    "name": "__x = 3",
                    "isAnswer": false
                },
                {
                    "id": 1056,
                    "questionId": 1010,
                    "name": "__xyz__ = 5",
                    "isAnswer": false
                },
                {
                    "id": 1058,
                    "questionId": 1010,
                    "name": "None of these",
                    "isAnswer": true
                }
            ],
            "questionType": {
                "id": 1,
                "name": "Multiple Choice",
                "isActive": true
            }
        },
        {
            "id": 1015,
            "name": "Why does the name of local variables start with an underscore discouraged?",
            "questionTypeId": 1,
            "options": [
                {
                    "id": 1055,
                    "questionId": 1010,
                    "name": "To identify the variable",
                    "isAnswer": false
                },
                {
                    "id": 1057,
                    "questionId": 1010,
                    "name": "It confuses the interpreter",
                    "isAnswer": false
                },
                {
                    "id": 1056,
                    "questionId": 1010,
                    "name": "It indicates a private variable of a class",
                    "isAnswer": true
                },
                {
                    "id": 1058,
                    "questionId": 1010,
                    "name": "None of these",
                    "isAnswer": false
                }
            ],
            "questionType": {
                "id": 1,
                "name": "Multiple Choice",
                "isActive": true
            }
        },
        {
            "id": 1016,
            "name": "Which of the following is not a keyword in Python language?",
            "questionTypeId": 1,
            "options": [
                {
                    "id": 1055,
                    "questionId": 1010,
                    "name": "raise",
                    "isAnswer": false
                },
                {
                    "id": 1056,
                    "questionId": 1010,
                    "name": "val",
                    "isAnswer": true
                },
                {
                    "id": 1057,
                    "questionId": 1010,
                    "name": "try",
                    "isAnswer": false
                },
                {
                    "id": 1058,
                    "questionId": 1010,
                    "name": "with",
                    "isAnswer": false
                }
            ],
            "questionType": {
                "id": 1,
                "name": "Multiple Choice",
                "isActive": true
            }
        },
        {
            "id": 1017,
            "name": "Which of the following declarations is incorrect in python language?",
            "questionTypeId": 1,
            "options": [
                {
                    "id": 1055,
                    "questionId": 1010,
                    "name": "xyzp = 5,000,000",
                    "isAnswer": false
                },
                {
                    "id": 1056,
                    "questionId": 1010,
                    "name": "x y z p = 5000 6000 7000 8000",
                    "isAnswer": true
                },
                {
                    "id": 1057,
                    "questionId": 1010,
                    "name": "x,y,z,p = 5000, 6000, 7000, 8000",
                    "isAnswer": false
                },
                {
                    "id": 1058,
                    "questionId": 1010,
                    "name": "x_y_z_p = 5,000,000",
                    "isAnswer": false
                }
            ],
            "questionType": {
                "id": 1,
                "name": "Multiple Choice",
                "isActive": true
            }
        },
        {
            "id": 1018,
            "name": "Which one of the following has the highest precedence in the expression?",
            "questionTypeId": 1,
            "options": [
                {
                    "id": 1055,
                    "questionId": 1010,
                    "name": "Parentheses",
                    "isAnswer": true
                },
                {
                    "id": 1057,
                    "questionId": 1010,
                    "name": "Division",
                    "isAnswer": false
                },
                {
                    "id": 1056,
                    "questionId": 1010,
                    "name": "Subtraction",
                    "isAnswer": false
                },
                {
                    "id": 1058,
                    "questionId": 1010,
                    "name": "Power",
                    "isAnswer": false
                }
            ],
            "questionType": {
                "id": 1,
                "name": "Multiple Choice",
                "isActive": true
            }
        },
        {
            "id": 1019,
            "name": "What will be the output of this function: round(4.576)  ",
            "questionTypeId": 1,
            "options": [
                {
                    "id": 1055,
                    "questionId": 1010,
                    "name": "5",
                    "isAnswer": true
                },
                {
                    "id": 1056,
                    "questionId": 1010,
                    "name": "4.5",
                    "isAnswer": false
                },
                {
                    "id": 1057,
                    "questionId": 1010,
                    "name": "4",
                    "isAnswer": false
                },
                {
                    "id": 1058,
                    "questionId": 1010,
                    "name": "None of these",
                    "isAnswer": false
                }
            ],
            "questionType": {
                "id": 1,
                "name": "Multiple Choice",
                "isActive": true
            }
        }
    ]
}